Datum von;Datum bis;Biomasse [MWh] Berechnete Auflösungen;Wasserkraft [MWh] Berechnete Auflösungen;Wind Offshore [MWh] Berechnete Auflösungen;Wind Onshore [MWh] Berechnete Auflösungen;Photovoltaik [MWh] Berechnete Auflösungen;Sonstige Erneuerbare [MWh] Berechnete Auflösungen;Kernenergie [MWh] Berechnete Auflösungen;Braunkohle [MWh] Berechnete Auflösungen;Steinkohle [MWh] Berechnete Auflösungen;Erdgas [MWh] Berechnete Auflösungen;Pumpspeicher [MWh] Berechnete Auflösungen;Sonstige Konventionelle [MWh] Berechnete Auflösungen
01.01.2024;02.01.2024;97.756,00;47.621,75;101.283,75;675.507,75;38.018,00;3.379,50;0,00;84.051,50;46.609,50;73.006,50;19.541,25;26.885,00
02.01.2024;03.01.2024;100.081,00;47.486,75;114.717,50;692.631,00;10.702,25;4.103,75;0,00;94.460,50;51.214,50;120.667,00;37.303,75;28.630,00
03.01.2024;04.01.2024;99.360,00;45.136,25;96.273,00;903.231,00;32.264,75;3.995,50;0,00;90.543,75;54.869,25;117.225,75;24.662,25;33.057,75
04.01.2024;05.01.2024;100.680,50;46.706,50;65.056,00;532.893,25;26.356,75;4.018,25;0,00;195.833,00;77.297,75;173.498,00;31.471,50;32.175,25
05.01.2024;06.01.2024;101.159,50;46.912,25;131.692,00;434.751,50;25.621,00;4.722,00;0,00;259.096,00;81.515,50;188.761,50;19.254,75;33.459,75
06.01.2024;07.01.2024;101.702,50;46.680,00;138.591,50;253.361,00;13.241,50;4.727,50;0,00;272.074,75;72.580,25;184.937,25;18.446,25;30.790,50
07.01.2024;08.01.2024;101.206,50;49.160,75;97.026,75;326.788,25;16.333,50;4.741,00;0,00;254.985,75;80.138,50;187.570,00;14.480,50;31.610,75
08.01.2024;09.01.2024;102.335,50;49.066,50;118.657,50;408.766,75;41.129,25;4.398,00;0,00;282.991,25;144.335,00;272.711,75;21.735,50;32.084,00
09.01.2024;10.01.2024;102.626,75;54.681,25;25.245,25;264.538,75;75.589,75;4.422,75;0,00;321.633,25;216.634,00;315.659,75;34.860,25;34.063,00
10.01.2024;11.01.2024;104.029,25;57.768,75;20.518,50;140.196,50;70.612,00;4.453,00;0,00;355.247,25;237.488,25;378.974,50;36.478,00;34.834,50
11.01.2024;12.01.2024;104.464,50;57.016,50;39.570,00;102.113,25;65.201,00;4.618,00;0,00;370.062,75;243.259,25;378.557,00;31.019,75;33.815,25
12.01.2024;13.01.2024;104.978,25;55.118,50;94.183,75;133.805,75;21.011,50;4.287,50;0,00;350.910,75;238.197,50;363.536,50;36.222,75;33.782,75
13.01.2024;14.01.2024;103.891,75;49.821,00;109.356,75;509.679,25;13.296,50;3.385,00;0,00;243.651,50;158.963,75;246.456,00;19.283,75;31.694,25
14.01.2024;15.01.2024;102.582,25;45.924,50;126.165,25;557.681,25;34.536,75;3.270,25;0,00;222.463,75;133.476,25;218.589,75;17.862,00;32.816,00
15.01.2024;16.01.2024;102.029,50;48.290,50;119.156,75;588.047,50;22.651,50;3.636,75;0,00;281.967,50;159.328,75;288.355,00;25.020,50;24.947,50
16.01.2024;17.01.2024;103.119,00;47.282,25;88.122,25;333.509,75;33.751,75;3.943,00;0,00;353.905,50;210.660,25;326.944,50;32.929,00;33.196,25
17.01.2024;18.01.2024;104.309,25;49.089,50;80.568,75;277.128,75;14.472,00;4.068,50;0,00;347.881,25;207.725,50;339.328,50;34.571,50;33.536,75
18.01.2024;19.01.2024;104.329,25;52.156,00;85.199,75;177.454,75;23.482,75;4.510,75;0,00;362.081,75;171.808,50;337.417,00;32.890,50;35.816,25
19.01.2024;20.01.2024;104.201,50;48.283,00;125.813,00;594.041,25;32.442,50;3.472,00;0,00;278.736,25;148.047,75;289.411,00;26.033,75;28.752,00
20.01.2024;21.01.2024;104.168,75;46.179,00;126.359,75;599.107,00;61.247,75;3.370,75;0,00;191.547,75;100.947,50;249.597,25;22.765,75;23.229,75
21.01.2024;22.01.2024;102.742,50;43.582,25;126.755,50;773.557,25;43.170,25;3.345,75;0,00;93.851,50;91.902,00;178.596,75;12.692,25;23.668,00
22.01.2024;23.01.2024;102.301,50;43.174,50;92.094,50;986.958,00;22.913,00;3.310,25;0,00;90.164,50;124.972,25;177.736,50;24.677,25;21.690,00
23.01.2024;24.01.2024;102.331,75;44.267,50;110.019,00;896.238,75;54.288,25;3.474,00;0,00;108.881,50;115.634,50;198.168,25;31.134,75;28.260,00
24.01.2024;25.01.2024;100.023,25;43.853,75;95.576,00;1.029.204,50;40.377,00;3.497,00;0,00;97.150,50;108.331,75;166.988,00;23.567,75;28.701,00
25.01.2024;26.01.2024;103.147,00;50.257,25;77.143,50;552.569,50;65.498,75;3.828,25;0,00;160.621,75;118.912,25;244.776,00;33.215,75;30.404,75
26.01.2024;27.01.2024;102.367,75;50.327,25;109.749,25;719.793,75;24.737,25;3.558,50;0,00;143.152,50;113.997,75;185.186,00;15.735,75;31.124,00
27.01.2024;28.01.2024;103.142,75;51.689,50;115.413,00;433.004,00;123.524,25;3.717,50;0,00;143.117,25;83.154,75;166.903,50;26.855,25;33.966,00
28.01.2024;29.01.2024;102.832,25;49.497,25;108.454,50;363.615,75;142.216,25;3.639,50;0,00;119.062,00;64.392,00;159.344,25;9.352,75;33.006,00
29.01.2024;30.01.2024;104.029,75;53.125,50;72.062,50;361.101,50;124.073,00;3.960,25;0,00;204.127,50;132.989,50;231.102,50;30.260,75;33.938,75
30.01.2024;31.01.2024;104.060,00;53.501,25;107.775,00;424.770,25;76.415,50;3.854,25;-;229.037,50;115.430,75;209.884,00;23.825,00;32.994,00
31.01.2024;01.02.2024;102.696,00;54.212,25;118.063,25;492.575,50;44.627,75;3.839,00;-;216.617,00;131.828,00;201.816,25;29.429,00;33.622,25
01.02.2024;02.02.2024;103.304,75;52.421,75;92.091,25;670.442,75;67.201,50;4.054,25;-;176.399,50;130.314,75;191.849,25;35.926,50;34.593,50
02.02.2024;03.02.2024;104.253,50;51.035,75;124.865,50;747.270,25;48.930,25;3.841,75;-;138.935,25;101.264,50;172.273,50;20.640,75;32.892,25
03.02.2024;04.02.2024;101.908,75;47.339,50;128.853,75;832.640,00;51.887,25;3.549,25;-;88.819,75;88.512,75;123.627,75;29.465,50;32.771,25
04.02.2024;05.02.2024;100.825,75;44.231,50;135.560,00;910.004,75;35.799,00;3.489,25;-;83.828,00;73.895,00;107.629,75;19.232,50;33.206,50
05.02.2024;06.02.2024;100.699,25;45.031,50;110.290,50;1.005.739,50;82.874,50;3.456,50;-;89.011,50;100.771,25;158.676,75;34.549,00;32.591,00
06.02.2024;07.02.2024;100.031,25;45.010,00;120.142,00;1.060.473,50;44.833,50;3.574,00;-;93.579,00;104.097,25;152.546,00;24.526,50;31.298,00
07.02.2024;08.02.2024;103.304,75;47.755,75;103.359,50;521.538,25;45.611,75;3.688,75;-;249.594,25;111.057,25;227.380,00;32.935,75;31.125,25
08.02.2024;09.02.2024;103.246,25;49.938,25;47.381,75;230.076,25;39.536,75;4.322,25;-;322.885,25;155.379,00;293.633,25;30.316,50;33.216,50
09.02.2024;10.02.2024;103.062,75;45.973,25;142.651,25;511.694,75;37.277,75;4.301,00;-;246.204,00;69.870,25;183.073,75;22.554,00;34.572,25
10.02.2024;11.02.2024;103.377,00;44.629,75;103.775,50;214.524,50;70.696,25;4.033,50;-;251.166,75;66.003,50;155.476,25;19.423,25;34.167,75
11.02.2024;12.02.2024;101.615,50;43.705,50;132.111,00;315.569,75;30.264,25;4.231,25;-;202.063,00;62.194,75;141.125,75;15.943,25;34.328,00
12.02.2024;13.02.2024;104.670,00;46.876,75;52.256,75;284.175,75;53.982,50;4.459,00;-;286.749,75;88.295,50;210.060,00;37.509,75;34.713,50
13.02.2024;14.02.2024;105.646,00;44.726,75;123.083,25;376.243,50;120.545,25;4.414,50;-;263.412,25;100.631,75;195.237,00;19.626,00;34.780,00
14.02.2024;15.02.2024;103.080,50;44.961,25;58.239,00;450.853,75;53.021,50;4.157,00;-;278.841,75;115.378,75;175.528,00;23.928,25;33.984,00
15.02.2024;16.02.2024;103.239,00;44.634,00;100.754,50;295.791,50;86.343,25;3.644,75;-;275.223,00;111.780,50;197.540,75;24.191,25;34.436,50
16.02.2024;17.02.2024;102.726,50;44.189,25;122.944,75;466.619,75;85.237,00;3.508,00;-;219.445,50;81.708,25;165.876,00;24.075,75;32.530,50
17.02.2024;18.02.2024;102.612,75;45.057,75;53.297,75;270.768,25;80.149,25;3.132,50;-;218.417,25;75.721,00;176.590,00;29.531,75;29.581,50
18.02.2024;19.02.2024;102.046,00;45.016,25;119.964,25;408.276,25;90.326,50;2.895,75;-;135.193,75;60.122,50;139.253,50;11.561,75;28.873,25
19.02.2024;20.02.2024;104.350,50;46.628,00;108.324,25;581.311,00;55.619,00;2.885,50;-;195.582,75;93.375,75;157.600,00;30.044,50;27.766,25
20.02.2024;21.02.2024;107.138,50;50.737,00;109.762,75;458.189,75;88.504,25;2.895,00;-;205.626,25;104.872,50;179.248,25;29.024,75;30.478,75
21.02.2024;22.02.2024;107.372,25;48.723,75;110.761,75;567.027,75;106.293,50;3.089,25;-;160.282,00;106.102,00;165.754,75;28.397,50;30.799,25
22.02.2024;23.02.2024;106.195,75;48.987,00;103.713,00;688.992,25;43.666,00;3.183,00;-;150.430,50;77.993,75;154.799,50;30.708,75;33.186,00
23.02.2024;24.02.2024;106.738,00;49.232,50;93.163,50;700.258,50;84.458,50;3.013,50;-;149.266,25;74.485,75;182.979,25;41.125,00;33.140,75
24.02.2024;25.02.2024;106.724,50;50.417,25;66.134,25;351.347,75;141.314,00;2.899,25;-;174.824,25;51.845,00;158.831,25;18.012,50;33.846,75
25.02.2024;26.02.2024;106.524,50;48.357,25;30.361,50;302.670,75;154.637,50;2.828,00;-;185.557,00;47.949,50;163.018,00;21.528,50;33.540,75
26.02.2024;27.02.2024;106.799,25;47.602,50;63.064,75;261.548,75;100.958,75;2.806,00;-;269.360,50;68.359,50;200.384,75;20.753,25;32.408,00
27.02.2024;28.02.2024;108.099,25;48.545,75;17.303,25;141.909,75;79.709,75;2.808,00;-;336.589,25;102.202,50;271.659,00;37.997,25;34.075,00
28.02.2024;29.02.2024;108.090,50;47.166,75;69.319,00;84.430,75;100.875,25;2.772,75;-;335.624,25;104.183,75;286.395,50;30.506,50;34.717,50
29.02.2024;01.03.2024;107.567,50;44.805,50;136.877,25;378.032,75;156.351,25;2.818,00;-;227.330,00;79.577,75;199.283,25;26.343,00;33.000,00
01.03.2024;02.03.2024;107.839,50;45.516,00;110.530,25;279.929,75;92.550,25;2.800,50;-;242.114,75;79.201,25;192.829,50;25.001,75;34.629,50
02.03.2024;03.03.2024;106.179,50;44.432,75;100.085,25;284.312,75;164.759,50;2.761,00;-;184.398,50;58.883,50;155.650,00;18.604,00;32.485,50
03.03.2024;04.03.2024;105.267,50;42.541,00;102.482,00;258.227,25;185.383,25;2.642,75;-;197.896,50;67.214,75;137.894,00;11.461,50;28.633,50
04.03.2024;05.03.2024;105.842,00;44.856,50;50.181,25;142.168,00;93.207,25;2.705,00;-;358.073,25;121.230,50;226.343,00;31.566,50;32.481,50
05.03.2024;06.03.2024;105.250,50;44.488,75;122.404,00;194.964,50;67.234,25;2.753,25;-;382.776,00;145.559,00;258.052,00;17.805,50;32.435,00
06.03.2024;07.03.2024;105.663,50;45.330,50;65.361,25;89.675,25;114.284,25;2.745,25;-;383.041,50;152.965,75;267.402,75;26.904,00;32.994,75
07.03.2024;08.03.2024;106.824,75;46.380,50;61.771,50;252.899,75;131.133,50;2.813,25;-;330.511,00;109.693,75;207.431,25;25.818,00;33.797,00
08.03.2024;09.03.2024;106.589,75;45.826,50;116.272,75;482.141,25;247.356,00;2.748,00;-;164.455,50;64.717,50;153.637,75;27.810,00;32.968,00
09.03.2024;10.03.2024;104.985,00;43.026,00;159.836,25;471.859,00;228.277,75;2.743,25;-;92.698,25;61.257,00;124.797,50;24.796,75;32.237,25
10.03.2024;11.03.2024;104.268,50;40.856,25;152.551,50;558.337,50;135.100,75;2.705,00;-;101.777,00;68.315,25;114.587,25;10.682,00;31.512,00
11.03.2024;12.03.2024;103.595,75;43.819,00;125.705,50;321.828,00;150.435,00;2.761,00;-;224.593,25;92.215,50;200.389,50;28.742,50;31.711,75
12.03.2024;13.03.2024;103.806,00;45.027,00;19.310,25;130.675,00;84.734,00;2.719,00;-;341.293,50;113.805,50;260.149,50;28.838,75;32.743,75
13.03.2024;14.03.2024;104.945,25;45.231,75;97.660,00;176.302,75;111.560,25;2.748,00;-;309.400,75;99.967,25;219.444,50;28.013,75;32.419,25
14.03.2024;15.03.2024;104.403,25;44.557,75;128.311,75;265.166,75;172.493,00;2.712,75;-;210.307,50;86.205,00;197.229,25;29.714,00;32.357,75
15.03.2024;16.03.2024;105.032,75;42.830,00;152.455,75;486.067,25;153.149,50;2.696,75;-;146.682,75;53.187,00;139.406,50;25.580,25;31.963,00
16.03.2024;17.03.2024;104.575,50;43.566,00;97.672,50;550.088,75;120.067,25;2.678,25;-;113.657,25;56.373,50;112.051,75;21.717,50;31.982,50
17.03.2024;18.03.2024;105.558,75;45.170,50;76.586,00;145.665,50;203.607,75;2.645,00;-;166.482,25;45.070,75;125.007,50;19.797,50;33.016,75
18.03.2024;19.03.2024;106.361,75;44.877,25;70.880,50;181.126,00;148.395,25;2.680,50;-;271.119,25;84.990,50;216.481,25;35.111,25;32.190,50
19.03.2024;20.03.2024;106.897,75;48.523,25;70.391,75;110.431,25;208.684,75;2.686,75;-;289.050,75;94.681,50;219.103,00;26.476,00;32.524,50
20.03.2024;21.03.2024;106.710,00;48.837,50;16.754,50;37.091,00;220.275,50;2.652,75;-;304.574,75;127.672,25;239.906,50;31.903,25;31.379,50
21.03.2024;22.03.2024;106.638,25;46.048,50;79.141,75;240.716,25;139.776,50;2.629,75;-;277.662,75;91.082,00;201.994,25;25.376,50;31.143,25
22.03.2024;23.03.2024;107.125,00;47.986,25;109.934,25;369.207,50;141.444,75;2.764,25;-;157.467,75;58.486,00;177.827,25;28.610,50;31.724,50
23.03.2024;24.03.2024;106.168,00;46.821,25;124.872,25;455.206,00;144.938,00;2.881,25;-;102.876,75;34.275,50;116.406,25;28.191,50;31.986,25
24.03.2024;25.03.2024;105.083,50;44.295,50;128.127,50;677.388,25;122.569,25;2.841,75;-;95.263,00;30.271,75;96.285,00;11.268,00;30.270,75
25.03.2024;26.03.2024;107.780,75;45.524,50;25.917,25;259.583,75;223.314,00;2.789,50;-;231.721,50;67.238,25;202.970,25;40.967,75;27.266,75
26.03.2024;27.03.2024;107.200,50;45.445,00;70.584,75;370.882,25;226.181,50;3.040,25;-;196.272,00;81.015,50;163.756,50;31.352,50;32.313,75
27.03.2024;28.03.2024;106.525,25;46.417,25;56.566,00;218.874,25;184.237,75;3.136,00;-;157.355,00;82.588,75;177.529,25;37.461,25;32.441,50
28.03.2024;29.03.2024;105.508,50;46.407,25;68.946,50;544.685,50;151.639,00;3.270,00;-;113.306,50;55.289,25;121.467,25;26.432,75;32.923,50
29.03.2024;30.03.2024;104.277,00;44.999,00;111.219,25;460.904,75;137.197,00;2.810,00;-;94.583,75;46.637,00;92.853,00;36.429,25;32.804,75
30.03.2024;31.03.2024;104.347,00;43.795,00;41.140,25;221.022,50;165.992,50;2.647,75;-;128.314,75;52.290,00;111.760,25;32.426,25;32.872,25
31.03.2024;01.04.2024;99.367,50;41.421,50;23.184,75;110.360,75;206.778,00;2.510,00;-;91.289,75;41.051,25;70.605,75;23.627,75;30.684,25
01.04.2024;02.04.2024;102.733,75;43.225,25;45.123,25;338.949,75;89.289,50;2.671,50;-;87.527,50;38.756,00;79.017,25;20.690,25;32.479,25
02.04.2024;03.04.2024;103.396,25;44.992,50;74.069,25;739.921,75;179.558,50;2.610,75;-;80.699,00;48.612,75;97.616,75;30.597,75;31.844,00
03.04.2024;04.04.2024;105.732,50;43.175,75;69.031,00;315.459,50;118.775,25;2.619,75;-;180.812,00;57.111,75;201.076,25;32.911,25;32.748,50
04.04.2024;05.04.2024;104.777,75;42.786,50;117.938,00;600.910,75;127.439,00;2.511,50;-;123.509,25;45.748,50;129.458,25;23.488,00;32.264,75
05.04.2024;06.04.2024;105.081,00;44.751,50;97.187,50;579.830,75;194.067,75;2.577,75;-;100.410,25;57.963,50;113.638,75;34.250,00;30.109,75
06.04.2024;07.04.2024;103.575,75;43.620,75;109.042,50;351.377,50;290.608,00;2.487,75;-;82.357,00;47.174,25;81.661,75;33.825,00;29.524,25
07.04.2024;08.04.2024;100.108,25;43.273,00;108.789,25;340.737,00;235.187,00;2.445,25;-;89.038,00;40.897,75;96.197,75;26.028,00;28.942,25
08.04.2024;09.04.2024;95.812,50;46.162,75;47.196,75;128.604,25;250.281,25;2.339,75;-;177.770,25;72.248,00;165.229,75;40.768,25;29.065,25
09.04.2024;10.04.2024;93.389,50;45.898,50;106.435,75;489.031,25;147.705,75;2.433,25;-;118.660,50;56.382,00;111.293,25;27.034,75;29.319,00
10.04.2024;11.04.2024;95.023,50;45.021,00;97.751,75;315.160,75;209.252,25;2.572,75;-;131.108,25;79.350,00;148.199,50;39.058,75;29.274,00
11.04.2024;12.04.2024;96.927,25;44.711,00;98.044,50;332.974,00;242.582,75;2.609,25;-;121.128,75;65.507,25;151.515,50;35.655,00;28.497,00
12.04.2024;13.04.2024;97.135,00;45.063,75;117.367,25;282.044,75;254.527,50;2.608,00;-;118.201,00;39.695,25;117.516,25;35.796,25;28.858,50
13.04.2024;14.04.2024;94.894,00;41.161,00;83.469,25;363.385,75;291.841,25;2.551,75;-;73.515,00;29.968,00;75.957,75;31.421,25;28.394,25
14.04.2024;15.04.2024;93.973,75;41.757,25;72.256,75;419.718,00;275.190,25;2.513,75;-;85.774,75;29.772,75;88.838,75;26.502,00;24.465,50
15.04.2024;16.04.2024;95.586,75;45.142,50;67.728,50;391.592,75;180.823,00;2.630,75;-;122.783,50;37.903,25;129.739,75;37.963,75;22.006,25
16.04.2024;17.04.2024;96.892,25;47.771,75;68.750,50;529.004,75;170.216,00;2.686,75;-;143.297,75;55.527,50;124.814,00;23.253,00;22.922,25
17.04.2024;18.04.2024;101.077,50;51.838,50;21.029,00;116.983,00;201.029,00;2.688,50;-;226.291,75;105.333,00;213.348,75;32.007,75;29.722,25
18.04.2024;19.04.2024;101.171,75;52.056,50;47.595,25;156.271,50;229.827,00;2.694,75;-;233.132,25;97.025,00;200.126,75;34.601,75;29.935,00
19.04.2024;20.04.2024;100.966,25;47.659,50;124.553,50;636.237,50;109.912,50;2.747,50;-;114.792,00;60.755,75;117.954,50;27.580,00;28.841,50
20.04.2024;21.04.2024;105.258,25;49.489,50;79.551,25;293.747,50;207.170,50;2.678,00;-;119.161,00;35.870,50;100.145,50;28.221,50;27.287,25
21.04.2024;22.04.2024;104.813,75;49.190,25;56.434,00;240.087,25;207.088,75;2.686,50;-;130.485,50;45.841,75;106.116,50;14.280,25;27.786,25
22.04.2024;23.04.2024;103.416,00;51.211,25;37.167,50;109.300,50;243.445,25;2.680,00;-;232.385,50;61.893,25;230.637,50;39.712,00;28.939,25
23.04.2024;24.04.2024;102.356,25;50.526,25;62.115,75;117.366,00;246.155,50;2.689,25;-;223.014,75;76.624,50;258.437,50;29.856,75;29.161,00
24.04.2024;25.04.2024;103.388,00;50.705,25;83.351,00;206.045,00;203.207,75;2.701,75;-;227.429,50;68.292,25;256.301,50;25.439,75;29.032,50
25.04.2024;26.04.2024;104.457,75;49.305,25;25.568,50;171.140,75;215.952,00;2.661,00;-;242.215,25;68.403,25;252.729,50;25.942,25;28.984,50
26.04.2024;27.04.2024;105.782,00;49.310,50;16.208,50;201.564,75;244.968,25;2.634,75;-;221.152,25;77.144,25;203.340,25;32.251,25;28.363,00
27.04.2024;28.04.2024;104.297,25;48.678,50;27.495,50;178.810,00;329.115,25;2.609,00;-;140.840,75;36.856,25;111.479,50;29.363,25;27.836,50
28.04.2024;29.04.2024;101.762,50;45.305,25;96.055,00;403.142,25;258.821,75;2.485,50;-;92.873,00;23.531,00;78.574,75;11.641,50;26.425,25
29.04.2024;30.04.2024;103.204,75;48.936,00;57.394,25;129.279,50;322.154,75;2.450,75;-;136.592,25;41.942,00;153.940,50;38.336,00;27.255,25
30.04.2024;01.05.2024;101.284,50;49.810,75;71.337,50;195.705,00;348.198,00;2.449,25;-;127.029,00;40.288,00;124.886,25;35.325,50;26.525,75
01.05.2024;02.05.2024;93.949,00;47.806,50;77.562,25;346.888,50;344.996,00;2.325,75;-;84.732,00;23.712,25;71.918,50;20.284,50;27.377,25
02.05.2024;03.05.2024;94.365,75;48.102,00;121.688,25;473.196,50;307.097,75;2.920,25;-;83.753,25;47.993,00;91.590,00;26.507,25;27.728,25
03.05.2024;04.05.2024;97.629,00;51.575,50;97.170,75;307.962,75;169.942,00;3.198,75;-;125.489,50;35.476,50;127.396,00;41.408,75;27.418,25
04.05.2024;05.05.2024;97.671,50;50.106,75;22.978,50;71.634,50;262.161,25;3.165,25;-;128.553,75;23.139,00;129.729,25;27.763,00;31.311,00
05.05.2024;06.05.2024;96.375,75;44.988,75;51.869,00;311.532,00;224.473,50;3.119,50;-;114.513,50;22.957,25;85.289,25;10.495,25;30.504,75
06.05.2024;07.05.2024;101.037,25;50.879,50;12.637,25;118.778,25;218.977,25;3.045,50;-;195.707,00;51.100,00;184.731,75;33.189,75;30.755,50
07.05.2024;08.05.2024;101.351,00;53.784,25;10.716,00;129.763,75;174.692,75;3.063,50;-;217.018,00;50.589,25;200.991,75;32.017,50;31.968,25
08.05.2024;09.05.2024;101.401,00;55.078,00;2.844,00;76.276,75;243.263,50;3.176,75;-;230.925,50;38.645,25;204.820,50;27.050,25;31.764,75
09.05.2024;10.05.2024;101.018,50;55.595,25;11.858,25;36.718,75;359.172,75;3.122,75;-;158.318,75;19.767,75;125.264,00;24.535,75;32.038,00
10.05.2024;11.05.2024;101.270,25;53.286,75;8.624,50;41.457,75;358.070,25;2.701,75;-;135.345,75;23.914,00;138.682,25;26.814,75;32.127,25
11.05.2024;12.05.2024;100.833,25;51.186,50;10.878,00;89.673,75;360.378,50;2.558,25;-;113.807,75;20.237,50;99.583,25;29.262,50;31.946,25
12.05.2024;13.05.2024;97.981,00;47.187,25;60.567,25;227.310,75;370.939,50;2.498,50;-;85.396,50;20.703,75;76.701,75;19.229,50;32.182,50
13.05.2024;14.05.2024;98.420,50;50.431,75;100.803,00;312.580,25;362.755,50;2.435,00;-;98.776,00;39.567,50;121.291,50;40.827,75;34.089,75
14.05.2024;15.05.2024;97.086,25;48.004,50;104.785,75;416.008,00;386.691,50;2.379,25;-;93.382,75;49.637,50;95.666,00;33.944,50;32.774,00
15.05.2024;16.05.2024;97.264,25;48.945,75;71.637,50;442.873,50;316.390,50;2.410,25;-;118.171,75;60.059,25;132.693,50;35.306,50;35.144,00
16.05.2024;17.05.2024;97.900,75;50.746,50;62.202,00;411.954,00;286.115,50;2.348,00;-;119.092,75;65.700,75;148.332,00;34.762,50;32.609,00
17.05.2024;18.05.2024;99.478,00;56.307,25;60.925,25;412.782,25;206.672,50;2.445,00;-;128.530,50;50.898,25;125.195,25;38.922,50;32.329,25
18.05.2024;19.05.2024;99.235,25;58.259,00;45.485,50;140.967,75;257.912,25;2.433,50;-;111.699,25;29.530,50;87.978,25;31.860,75;32.000,75
19.05.2024;20.05.2024;98.083,50;57.124,25;44.620,25;73.727,00;263.794,25;2.381,50;-;115.447,25;21.609,25;76.384,50;27.761,75;32.089,00
20.05.2024;21.05.2024;98.489,00;56.914,00;43.759,75;70.168,25;343.176,50;2.368,75;-;122.592,25;20.906,50;75.713,50;32.932,50;30.701,75
21.05.2024;22.05.2024;97.750,50;57.209,00;78.675,00;340.262,75;226.712,75;2.360,25;-;145.258,25;35.568,50;132.761,25;33.421,50;19.886,00
22.05.2024;23.05.2024;95.618,50;57.344,25;77.924,75;289.746,25;199.077,25;2.509,50;-;172.762,50;38.306,00;145.065,25;30.712,50;27.104,75
23.05.2024;24.05.2024;94.272,25;58.784,50;22.527,25;123.468,25;303.209,50;2.757,75;-;212.501,75;47.206,00;147.995,00;32.739,50;27.333,50
24.05.2024;25.05.2024;94.899,75;61.544,75;17.123,00;94.511,25;248.880,50;2.748,75;-;225.000,75;55.918,75;201.110,00;30.335,75;28.555,00
25.05.2024;26.05.2024;94.135,50;58.533,25;41.013,75;57.988,75;291.859,25;2.832,25;-;168.111,25;24.584,75;109.038,75;23.233,75;26.796,00
26.05.2024;27.05.2024;93.493,00;54.665,25;19.751,25;97.002,00;335.599,50;2.769,25;-;144.108,50;22.108,50;85.206,25;16.978,75;26.824,75
27.05.2024;28.05.2024;93.623,00;57.900,50;44.576,00;95.574,50;269.016,00;2.757,75;-;211.177,00;39.813,50;149.171,00;32.524,25;26.534,50
28.05.2024;29.05.2024;97.824,25;60.791,75;23.700,25;155.778,00;264.086,25;2.899,00;-;238.153,00;44.396,25;130.050,00;27.402,00;25.935,50
29.05.2024;30.05.2024;98.815,75;58.771,75;92.369,00;296.028,75;227.004,75;2.368,00;-;179.984,50;36.613,00;116.705,75;26.678,00;25.992,50
30.05.2024;31.05.2024;98.262,25;62.343,50;25.473,25;70.634,00;233.775,75;2.376,50;-;217.575,50;15.338,25;142.721,75;28.804,25;25.742,75
31.05.2024;01.06.2024;97.997,00;59.765,25;61.569,50;115.564,25;186.835,25;2.408,50;-;220.745,00;12.284,75;113.349,50;26.778,50;25.815,75
01.06.2024;02.06.2024;96.063,00;47.917,50;87.858,25;228.643,75;197.548,00;2.451,00;-;110.981,00;12.181,75;77.454,50;30.468,75;25.705,50
02.06.2024;03.06.2024;94.212,00;45.393,25;107.093,25;315.805,50;192.727,75;2.340,75;-;108.754,50;11.889,50;64.742,00;18.344,50;26.205,25
03.06.2024;04.06.2024;96.660,00;51.181,25;54.098,00;138.417,50;189.312,00;2.259,75;-;228.993,00;35.691,75;192.301,75;44.510,25;28.277,00
04.06.2024;05.06.2024;95.604,25;45.116,00;50.603,25;72.944,25;307.375,25;2.141,50;-;227.303,50;34.168,75;167.448,00;33.051,75;25.689,50
05.06.2024;06.06.2024;95.148,25;47.052,50;82.713,50;299.512,25;259.044,50;2.174,50;-;194.254,50;25.436,25;115.900,75;42.865,50;25.864,75
06.06.2024;07.06.2024;96.556,25;51.596,00;66.570,00;117.177,25;355.843,50;2.567,25;-;233.554,25;24.724,75;150.929,25;25.830,50;27.140,25
07.06.2024;08.06.2024;95.861,25;54.080,75;58.327,50;82.960,00;353.338,00;2.765,75;-;192.105,50;25.788,50;155.296,00;34.420,50;26.449,25
08.06.2024;09.06.2024;95.710,75;50.758,50;81.708,50;219.327,00;345.613,50;2.822,75;-;113.423,50;22.326,50;91.376,75;32.662,75;25.524,50
09.06.2024;10.06.2024;93.769,50;49.214,50;77.850,75;227.817,25;325.645,25;2.276,00;-;91.935,25;32.126,25;103.914,50;23.720,25;25.948,00
10.06.2024;11.06.2024;95.993,00;51.025,75;62.036,75;228.444,00;287.234,50;2.284,50;-;163.949,25;45.281,25;139.054,25;31.108,75;26.433,00
11.06.2024;12.06.2024;95.509,75;51.572,75;90.455,75;439.746,75;263.768,75;2.239,25;-;134.718,50;47.918,75;101.959,25;25.329,50;24.770,25
12.06.2024;13.06.2024;97.229,25;53.614,25;89.705,25;217.134,75;318.229,75;2.229,75;-;187.399,25;38.232,75;120.331,00;24.394,25;25.592,50
13.06.2024;14.06.2024;97.671,00;57.319,25;41.955,00;102.753,50;328.496,75;2.262,00;-;226.992,00;42.455,00;137.547,50;32.506,00;25.304,25
14.06.2024;15.06.2024;97.572,00;60.489,75;54.167,50;289.692,25;202.570,50;2.333,75;-;182.616,25;30.557,50;81.374,75;39.235,75;22.618,25
15.06.2024;16.06.2024;95.698,00;51.341,00;79.619,00;422.371,75;262.553,50;2.352,00;-;79.360,00;19.243,00;61.578,25;26.358,00;21.677,25
16.06.2024;17.06.2024;96.052,25;54.402,00;76.080,25;255.687,75;303.790,75;2.312,50;-;96.443,00;21.039,50;63.648,75;27.980,50;22.192,25
17.06.2024;18.06.2024;97.105,00;60.296,00;40.169,50;127.377,75;282.171,25;2.120,75;-;212.758,25;48.083,00;122.933,00;36.367,50;24.144,50
18.06.2024;19.06.2024;96.708,75;61.818,75;8.495,25;65.513,25;313.482,75;2.119,25;-;260.152,50;62.021,00;167.615,50;32.718,75;24.397,75
19.06.2024;20.06.2024;95.926,25;63.681,25;36.272,25;129.505,25;248.734,75;2.096,50;-;253.193,25;57.701,75;130.142,75;32.771,50;25.190,25
20.06.2024;21.06.2024;96.567,50;60.496,75;11.779,00;82.824,75;293.987,50;2.269,00;-;255.888,50;57.664,75;136.028,25;39.269,25;23.276,00
21.06.2024;22.06.2024;95.920,75;61.538,00;21.942,25;154.611,25;187.989,00;2.350,75;-;267.229,25;76.980,25;176.278,00;29.464,25;23.684,50
22.06.2024;23.06.2024;95.284,50;52.539,75;37.139,50;317.830,00;301.343,75;2.343,00;-;104.012,25;15.705,00;69.805,50;26.395,50;22.787,50
23.06.2024;24.06.2024;94.410,75;53.969,25;22.683,25;107.319,00;311.083,75;2.389,75;-;124.007,25;25.696,75;78.236,00;25.606,50;22.426,50
24.06.2024;25.06.2024;95.824,25;60.826,25;1.610,75;57.843,00;393.079,25;2.309,75;-;194.785,00;43.861,00;129.631,75;38.958,50;24.336,25
25.06.2024;26.06.2024;93.794,25;60.615,25;14.176,25;154.850,50;423.683,50;2.277,75;-;200.447,75;48.864,00;130.584,25;34.309,75;23.656,50
26.06.2024;27.06.2024;93.812,25;59.665,75;21.938,50;128.612,50;374.690,50;2.269,75;-;227.626,00;53.119,50;140.720,25;35.043,25;24.834,75
27.06.2024;28.06.2024;92.480,75;60.851,00;34.453,50;103.949,75;319.052,25;2.199,50;-;224.629,25;53.196,00;136.254,00;35.757,00;26.687,00
28.06.2024;29.06.2024;92.426,25;60.125,75;80.455,25;238.175,00;349.246,00;2.261,00;-;160.215,75;24.513,25;96.191,25;31.517,75;26.242,00
29.06.2024;30.06.2024;93.870,50;59.219,25;17.525,50;82.752,75;374.780,75;2.484,50;-;116.375,75;14.974,25;86.017,75;40.902,50;26.181,50
30.06.2024;01.07.2024;91.582,00;56.235,00;43.481,50;261.332,50;169.207,25;2.551,75;-;116.795,00;21.174,25;68.328,50;19.876,50;25.394,25
01.07.2024;02.07.2024;91.010,50;60.981,00;50.962,50;184.430,75;224.484,00;2.548,75;-;224.731,00;40.467,75;104.440,00;34.228,00;26.956,00
02.07.2024;03.07.2024;92.037,50;60.453,50;91.786,50;261.026,50;171.347,75;2.558,75;-;234.288,50;40.215,50;81.475,25;26.670,50;31.657,50
03.07.2024;04.07.2024;94.157,25;62.733,50;76.308,25;161.265,00;197.481,50;2.587,25;-;242.356,00;38.916,50;114.913,75;39.867,75;30.865,50
04.07.2024;05.07.2024;91.823,00;55.779,25;130.087,25;452.509,00;247.011,00;2.552,00;-;96.979,75;17.521,00;71.768,25;30.008,50;27.765,75
05.07.2024;06.07.2024;94.750,25;57.824,75;95.413,50;386.609,00;301.877,50;2.534,75;-;103.850,00;15.137,25;75.156,75;42.190,75;30.730,25
06.07.2024;07.07.2024;92.271,00;52.268,50;79.780,75;462.203,25;278.181,25;2.625,50;-;86.727,75;14.916,25;64.781,25;19.589,50;31.060,50
07.07.2024;08.07.2024;93.211,50;56.136,25;67.310,00;239.661,75;304.068,75;2.636,00;-;105.114,25;15.786,00;63.999,25;40.192,50;31.768,00
08.07.2024;09.07.2024;93.958,00;60.889,00;30.563,00;80.288,75;371.343,75;2.630,75;-;201.690,50;49.068,25;122.190,50;41.963,75;31.997,25
09.07.2024;10.07.2024;92.218,75;62.319,25;64.800,75;178.665,25;401.374,25;2.515,25;-;202.571,50;32.751,75;110.483,25;30.584,75;31.141,25
10.07.2024;11.07.2024;92.843,75;65.611,50;63.038,75;160.694,25;255.736,75;2.522,75;-;238.636,75;43.258,50;105.139,00;41.521,00;32.291,50
11.07.2024;12.07.2024;93.977,75;64.480,25;32.981,50;67.046,50;313.332,50;2.711,25;-;240.008,25;57.347,50;144.736,75;43.192,00;32.315,75
12.07.2024;13.07.2024;94.830,00;63.148,25;42.163,50;253.278,00;208.798,25;2.770,25;-;212.383,00;41.889,50;130.006,00;29.753,75;33.582,25
13.07.2024;14.07.2024;93.287,75;57.384,50;92.774,75;279.756,75;263.030,25;2.835,25;-;100.636,50;13.396,50;65.033,75;29.185,25;33.241,00
14.07.2024;15.07.2024;91.181,00;55.005,25;105.133,25;138.462,00;335.793,00;2.730,50;-;105.139,00;12.998,00;66.841,50;25.020,75;31.968,50
15.07.2024;16.07.2024;89.556,50;61.673,00;56.754,25;111.484,50;389.618,25;2.618,00;-;162.872,25;22.209,50;115.984,75;49.855,75;31.813,50
16.07.2024;17.07.2024;88.125,25;59.884,00;72.923,00;336.263,75;274.708,00;2.673,50;-;162.189,75;26.449,75;87.370,25;28.950,25;29.859,00
17.07.2024;18.07.2024;91.971,75;57.475,25;72.653,75;273.386,75;267.626,25;2.554,00;-;172.130,25;22.951,50;101.988,75;35.179,25;33.913,25
18.07.2024;19.07.2024;94.528,75;59.532,50;16.152,75;36.644,25;374.080,25;2.425,50;-;213.130,50;51.013,75;140.691,25;42.306,50;34.419,25
19.07.2024;20.07.2024;93.794,75;59.700,75;15.265,75;50.967,00;367.167,25;2.794,00;-;217.879,75;43.207,25;135.523,75;41.428,25;34.207,50
20.07.2024;21.07.2024;92.344,25;56.462,75;52.825,50;108.924,25;366.124,25;2.719,50;-;148.697,50;12.489,75;77.295,25;36.571,50;34.057,25
21.07.2024;22.07.2024;90.984,25;55.694,00;37.300,50;128.225,75;308.987,75;2.540,50;-;135.100,50;17.121,50;78.437,75;32.280,75;33.508,25
22.07.2024;23.07.2024;93.348,25;57.966,75;40.428,00;218.111,75;276.683,25;2.568,00;-;175.427,00;23.235,00;120.228,25;36.198,00;34.578,50
23.07.2024;24.07.2024;93.865,50;61.157,75;43.446,50;182.412,00;266.456,50;2.761,25;-;191.364,50;36.857,50;123.653,75;39.463,00;32.645,75
24.07.2024;25.07.2024;94.159,00;60.732,25;49.949,00;190.974,25;293.321,00;2.616,25;-;190.872,25;42.974,25;110.919,25;36.176,75;34.002,50
25.07.2024;26.07.2024;94.975,25;57.940,50;51.749,00;43.563,75;357.772,25;2.633,25;-;187.746,50;50.099,75;131.092,25;31.216,50;33.129,75
26.07.2024;27.07.2024;95.022,75;55.216,00;40.964,00;137.505,25;228.982,50;2.600,50;-;196.646,00;41.851,75;123.536,75;32.418,50;32.939,75
27.07.2024;28.07.2024;94.561,50;52.824,75;2.291,00;33.875,00;220.503,00;2.564,25;-;176.279,25;32.928,50;135.427,50;33.387,50;31.012,25
28.07.2024;29.07.2024;92.596,50;52.707,25;24.609,00;185.151,50;313.645,00;2.565,25;-;135.154,75;11.497,00;75.858,25;20.927,25;31.161,00
29.07.2024;30.07.2024;93.122,25;51.224,75;17.256,00;86.337,00;405.747,75;2.537,75;-;170.738,25;31.145,75;102.975,25;38.304,25;34.162,75
30.07.2024;31.07.2024;91.991,00;50.647,00;2.841,75;50.579,00;394.049,00;2.468,75;-;207.122,75;68.107,00;127.317,75;34.174,00;32.489,25
31.07.2024;01.08.2024;91.536,50;49.557,75;15.500,25;47.735,75;327.485,00;2.459,75;-;232.623,50;82.638,25;144.511,50;27.660,00;35.422,25
01.08.2024;02.08.2024;92.755,25;55.263,00;20.067,25;76.051,25;265.180,75;2.534,00;-;261.494,75;102.519,25;145.100,75;28.596,25;34.031,00
02.08.2024;03.08.2024;93.792,25;54.714,00;5.688,50;70.964,25;242.089,75;2.573,25;-;252.517,25;78.732,75;134.065,25;35.010,50;35.831,00
03.08.2024;04.08.2024;93.275,50;52.165,75;19.850,75;51.527,75;301.755,50;2.617,50;-;158.946,75;29.097,25;81.027,00;33.077,00;33.118,00
04.08.2024;05.08.2024;91.885,00;50.767,25;48.787,50;193.179,50;241.460,00;2.615,75;-;146.957,00;16.038,25;67.476,75;17.355,50;33.975,75
05.08.2024;06.08.2024;91.921,00;51.271,50;22.441,75;46.304,25;313.359,25;2.606,00;-;208.589,75;39.551,50;126.370,50;40.319,50;34.032,75
06.08.2024;07.08.2024;88.188,75;50.158,00;15.483,25;56.061,75;381.126,75;2.584,00;-;207.076,00;55.227,50;140.925,50;35.805,25;33.863,25
07.08.2024;08.08.2024;88.082,75;50.797,50;25.413,25;102.678,00;269.186,50;2.548,75;-;215.955,50;69.115,00;133.698,50;35.173,25;33.684,25
08.08.2024;09.08.2024;89.435,75;51.266,75;37.058,50;82.775,25;255.391,25;2.577,75;-;204.712,50;64.219,75;123.477,50;41.723,75;32.993,75
09.08.2024;10.08.2024;90.020,25;47.158,50;98.363,00;407.165,25;249.689,75;2.599,25;-;111.367,50;27.898,50;90.005,25;32.052,75;32.403,25
10.08.2024;11.08.2024;92.584,25;44.426,75;92.062,75;192.748,50;335.573,25;2.554,00;-;106.566,00;13.711,00;62.511,50;39.781,25;31.100,50
11.08.2024;12.08.2024;92.245,50;42.738,75;33.254,75;88.996,75;353.144,00;2.518,00;-;118.055,25;9.149,50;75.352,75;32.279,50;30.118,50
12.08.2024;13.08.2024;92.443,50;46.139,00;36.795,75;113.158,25;363.243,50;2.457,00;-;176.389,00;41.461,25;104.011,75;38.835,50;28.798,75
13.08.2024;14.08.2024;90.088,75;45.869,75;49.291,75;224.974,00;340.536,25;2.384,50;-;196.175,50;73.931,25;108.580,00;20.399,75;33.236,00
14.08.2024;15.08.2024;92.034,00;48.641,50;25.814,75;119.844,00;281.910,00;2.385,00;-;211.357,00;84.848,50;142.561,75;36.308,25;34.417,75
15.08.2024;16.08.2024;92.103,50;45.957,25;43.384,25;81.890,50;307.704,75;2.568,75;-;191.568,25;67.853,50;127.785,50;19.992,00;31.994,50
16.08.2024;17.08.2024;92.967,25;43.742,00;31.671,50;155.382,00;291.358,50;2.661,50;-;204.011,50;57.672,75;130.633,75;39.435,00;28.098,50
17.08.2024;18.08.2024;91.509,75;42.651,25;5.686,00;44.399,75;242.398,25;2.704,00;-;198.032,25;59.504,75;114.808,75;22.701,25;31.015,00
18.08.2024;19.08.2024;90.075,25;45.197,00;21.211,25;79.262,75;143.567,75;2.741,00;-;200.879,75;46.038,75;67.677,50;13.954,75;29.213,50
19.08.2024;20.08.2024;91.222,00;52.421,50;25.527,50;73.331,25;242.218,75;2.771,00;-;220.845,25;79.514,50;119.796,00;31.439,00;32.554,00
20.08.2024;21.08.2024;90.659,25;52.579,50;80.952,75;146.165,75;263.964,50;2.754,25;-;191.316,00;51.470,75;107.091,00;37.071,00;33.674,50
21.08.2024;22.08.2024;90.000,00;48.482,00;87.188,25;423.861,50;272.153,50;2.764,75;-;125.670,25;31.901,75;75.660,75;27.535,25;33.409,00
22.08.2024;23.08.2024;90.988,25;48.667,25;123.608,00;290.670,50;304.486,00;2.914,75;-;122.386,25;29.905,00;78.277,50;39.875,50;30.586,25
23.08.2024;24.08.2024;89.526,50;43.791,25;97.766,25;521.447,75;292.807,50;2.899,75;-;90.541,50;37.474,50;68.444,75;32.389,00;32.041,00
24.08.2024;25.08.2024;88.759,75;43.457,75;54.823,50;323.673,50;329.105,75;2.724,00;-;94.806,25;20.356,50;58.308,25;42.600,75;32.151,50
25.08.2024;26.08.2024;89.065,00;42.458,50;91.606,75;339.814,00;220.099,00;2.723,50;-;95.679,75;25.843,75;63.178,75;21.838,00;31.295,25
26.08.2024;27.08.2024;92.125,25;45.826,25;76.892,75;128.265,25;277.325,50;2.730,75;-;151.698,75;62.783,25;136.241,75;41.376,50;31.122,50
27.08.2024;28.08.2024;90.773,00;42.443,75;36.379,00;102.189,75;337.559,75;2.656,00;-;170.015,25;82.098,75;161.076,00;28.928,50;30.686,75
28.08.2024;29.08.2024;90.480,00;44.826,50;44.958,00;183.481,50;343.097,00;2.610,25;-;175.550,25;84.901,00;134.279,50;34.632,50;30.570,25
29.08.2024;30.08.2024;89.825,25;44.821,75;31.367,25;134.777,25;322.183,00;2.574,00;-;193.547,00;98.628,00;177.818,75;37.445,50;29.639,25
30.08.2024;31.08.2024;89.351,00;41.113,50;13.931,50;121.136,00;253.418,00;2.612,25;-;218.364,00;104.210,00;188.484,00;31.935,25;27.588,50
31.08.2024;01.09.2024;89.703,75;37.001,25;28.904,00;208.270,75;303.968,25;2.637,50;-;144.228,25;50.506,75;85.583,00;24.770,25;26.574,25
01.09.2024;02.09.2024;89.686,75;35.222,00;85.066,25;249.530,75;316.098,00;2.601,75;-;139.543,75;36.083,75;87.138,25;11.570,00;30.990,50
02.09.2024;03.09.2024;90.902,25;41.889,25;74.113,75;163.901,75;264.715,50;2.594,75;-;204.257,50;97.879,25;160.011,50;30.609,25;34.236,25
03.09.2024;04.09.2024;89.693,25;43.475,50;25.355,50;61.612,75;276.921,00;2.605,00;-;214.906,75;122.623,50;214.855,00;34.007,50;33.699,25
04.09.2024;05.09.2024;91.449,00;41.622,00;27.540,50;101.448,75;223.443,75;2.624,75;-;202.055,25;130.886,50;235.645,75;28.317,50;31.464,25
05.09.2024;06.09.2024;91.220,75;41.383,50;39.464,25;448.572,50;284.865,25;2.670,00;-;159.448,00;84.588,50;132.216,75;24.186,50;30.984,50
06.09.2024;07.09.2024;91.809,50;41.570,50;87.895,00;356.993,50;239.113,75;2.451,75;-;178.522,75;98.286,50;138.987,75;30.859,50;30.457,00
07.09.2024;08.09.2024;92.568,00;36.641,75;42.440,75;121.623,25;307.149,00;2.355,75;-;178.645,50;56.053,25;97.182,75;27.727,75;30.577,25
08.09.2024;09.09.2024;90.750,75;35.513,25;27.615,25;155.958,00;210.696,25;2.357,25;-;176.399,75;54.580,25;79.422,50;19.907,25;29.742,00
09.09.2024;10.09.2024;90.956,00;43.644,75;61.057,75;235.384,50;129.942,25;2.365,00;-;225.423,75;96.476,25;141.771,50;33.690,25;28.799,00
10.09.2024;11.09.2024;87.926,75;44.405,75;126.058,00;484.484,50;175.796,75;2.441,00;-;153.669,25;40.863,75;80.730,75;22.059,25;33.418,50
11.09.2024;12.09.2024;89.346,75;43.875,75;65.077,25;403.398,50;134.425,75;2.481,25;-;177.661,00;84.148,75;99.630,00;21.776,25;34.989,25
12.09.2024;13.09.2024;90.398,75;48.435,00;40.676,25;118.674,50;199.073,00;2.483,50;-;206.760,25;116.096,75;168.641,75;34.237,00;33.012,75
13.09.2024;14.09.2024;91.122,50;46.875,25;78.774,25;272.539,00;149.067,00;2.577,50;-;162.258,00;75.207,00;101.126,25;31.415,75;31.494,25
14.09.2024;15.09.2024;89.209,50;46.467,50;29.052,50;407.995,75;178.593,75;2.568,50;-;97.589,25;52.567,25;66.949,75;27.998,25;31.903,25
15.09.2024;16.09.2024;90.612,50;44.324,00;24.233,75;227.982,75;221.483,25;2.501,00;-;121.678,50;63.191,75;66.497,25;19.431,00;30.871,25
16.09.2024;17.09.2024;91.274,75;49.434,00;45.891,75;252.238,75;85.603,50;2.504,75;-;201.454,75;117.862,50;136.806,75;39.908,00;32.162,50
17.09.2024;18.09.2024;90.213,25;46.681,75;59.794,50;288.696,00;185.705,00;2.462,00;-;199.060,25;101.990,00;106.547,75;25.703,25;35.415,25
18.09.2024;19.09.2024;91.040,25;46.871,25;34.127,25;304.874,00;250.812,50;2.307,00;-;195.680,50;89.368,25;99.265,75;24.638,25;32.682,25
19.09.2024;20.09.2024;92.036,00;46.860,00;47.711,25;348.754,75;249.788,25;2.490,25;-;190.227,75;58.007,50;89.703,25;29.008,50;32.579,00
20.09.2024;21.09.2024;93.077,50;45.995,00;75.900,75;355.135,50;288.421,25;2.568,75;-;162.698,00;43.464,25;78.537,50;26.195,00;29.232,00
21.09.2024;22.09.2024;94.244,25;44.936,25;42.434,25;179.026,50;293.237,25;2.493,00;-;161.897,75;29.664,50;74.482,00;27.464,75;30.354,00
22.09.2024;23.09.2024;93.437,00;46.324,75;12.684,25;61.510,75;255.268,25;2.504,75;-;182.018,00;56.037,50;85.965,50;24.357,00;30.229,25
23.09.2024;24.09.2024;94.115,50;47.419,50;7.208,00;57.865,00;184.974,00;2.299,00;-;243.195,25;120.289,50;150.362,75;35.547,25;32.591,00
24.09.2024;25.09.2024;94.044,00;50.242,25;73.890,75;253.287,75;139.403,25;2.475,25;-;236.435,00;93.772,75;95.228,25;22.764,75;26.749,50
25.09.2024;26.09.2024;93.303,50;48.163,75;106.087,50;401.764,25;140.983,75;2.545,50;-;207.331,75;57.587,75;89.011,00;34.615,50;33.916,25
26.09.2024;27.09.2024;93.317,25;48.664,25;79.417,00;644.532,50;64.990,50;2.626,75;-;153.596,00;48.303,50;64.247,25;25.442,25;35.566,75
27.09.2024;28.09.2024;90.753,75;50.261,25;113.028,75;830.542,00;153.642,75;2.948,00;-;79.046,75;41.793,75;54.945,75;21.006,25;31.398,75
28.09.2024;29.09.2024;92.394,00;50.237,00;154.508,25;425.493,25;175.221,75;3.050,50;-;99.317,75;27.455,25;55.641,75;38.606,25;31.650,50
29.09.2024;30.09.2024;93.411,25;51.215,75;56.722,50;171.043,00;229.217,25;3.039,75;-;127.701,25;36.418,75;56.052,00;33.117,25;32.124,00
30.09.2024;01.10.2024;92.732,75;49.001,25;78.247,25;558.316,50;152.664,00;2.897,50;-;138.799,75;54.402,50;99.774,00;31.503,25;32.663,25
01.10.2024;02.10.2024;95.014,00;53.623,00;121.245,25;401.332,75;106.277,50;2.942,50;-;191.382,00;79.678,25;84.545,50;39.830,75;31.655,50
02.10.2024;03.10.2024;94.477,25;53.450,50;132.910,25;225.568,75;95.404,75;3.002,50;-;260.568,50;112.392,50;110.579,25;27.277,25;33.184,00
03.10.2024;04.10.2024;92.870,25;53.722,50;83.455,00;268.444,00;99.557,75;3.028,25;-;245.695,00;37.573,75;68.929,75;23.161,75;32.260,50
04.10.2024;05.10.2024;96.930,00;55.690,50;9.126,75;174.093,25;117.274,00;2.978,75;-;273.126,75;95.308,25;96.279,50;34.635,25;33.097,75
05.10.2024;06.10.2024;96.371,00;51.722,00;13.841,00;73.331,25;138.643,00;2.986,50;-;259.294,50;66.174,50;77.911,25;24.036,75;32.178,25
06.10.2024;07.10.2024;93.123,75;49.732,50;102.507,25;218.869,75;167.337,25;2.974,50;-;184.172,75;29.772,00;72.902,00;16.410,50;31.687,25
07.10.2024;08.10.2024;93.582,00;52.374,25;107.752,00;265.564,75;126.711,75;2.907,25;-;242.335,75;78.572,25;107.519,50;39.003,75;31.899,75
08.10.2024;09.10.2024;95.909,00;51.932,75;91.366,00;268.606,50;106.363,25;2.745,00;-;259.856,25;81.835,50;99.763,00;31.312,50;31.851,00
09.10.2024;10.10.2024;95.975,00;50.709,00;72.926,50;392.696,00;136.812,50;2.658,50;-;225.181,50;51.989,25;83.578,50;38.343,75;32.543,75
10.10.2024;11.10.2024;95.247,75;52.823,75;89.031,75;614.503,00;84.860,25;2.709,50;-;157.031,25;66.328,75;102.219,50;29.573,75;31.495,75
11.10.2024;12.10.2024;97.513,00;54.774,50;136.403,50;217.319,75;158.195,25;2.831,00;-;230.610,00;60.620,00;119.174,75;48.623,75;32.983,00
12.10.2024;13.10.2024;99.321,50;51.757,50;123.130,50;330.812,75;157.191,25;2.881,75;-;136.729,00;27.620,50;68.728,50;24.038,50;28.665,00
13.10.2024;14.10.2024;96.801,00;48.204,00;89.136,00;751.826,75;121.182,25;2.694,50;-;107.540,50;47.239,25;63.350,25;13.297,25;26.430,50
14.10.2024;15.10.2024;100.871,25;58.664,50;39.039,00;187.006,75;97.194,25;2.487,50;-;226.683,00;125.919,00;186.825,00;38.169,50;30.688,25
15.10.2024;16.10.2024;100.105,75;57.252,00;54.381,50;191.627,25;140.780,75;2.609,75;-;262.808,75;105.209,50;137.581,00;29.643,00;30.266,75
16.10.2024;17.10.2024;98.513,50;51.270,25;81.560,25;606.823,00;166.541,75;2.550,00;-;132.653,25;68.149,50;124.486,50;16.642,00;28.749,50
17.10.2024;18.10.2024;100.968,75;52.191,50;87.589,00;351.051,50;150.831,25;2.631,50;-;204.951,50;72.269,75;136.644,50;23.229,00;29.617,75
18.10.2024;19.10.2024;102.120,25;58.203,25;18.589,75;104.799,25;113.393,25;2.869,25;-;287.060,00;111.905,75;148.013,75;38.498,75;30.696,75
19.10.2024;20.10.2024;101.280,75;53.380,00;42.726,00;191.993,25;89.614,00;3.006,50;-;233.132,50;34.080,00;91.350,75;16.985,25;29.335,25
20.10.2024;21.10.2024;99.529,00;46.260,75;86.738,00;336.835,75;112.994,00;3.006,00;-;113.886,50;25.181,50;70.471,00;12.557,50;28.186,25
21.10.2024;22.10.2024;98.597,50;49.557,25;96.627,00;320.803,00;107.509,00;3.040,25;-;220.010,25;94.365,25;147.251,25;30.925,50;29.005,00
22.10.2024;23.10.2024;100.599,25;46.600,75;76.414,25;294.816,50;101.380,50;3.048,25;-;259.733,25;114.548,25;145.991,00;19.530,25;28.085,50
23.10.2024;24.10.2024;102.366,75;49.569,00;56.566,75;101.855,50;122.734,75;2.960,00;-;277.647,50;145.913,75;188.270,00;29.605,75;26.360,00
24.10.2024;25.10.2024;101.779,25;50.768,50;55.099,50;210.903,75;110.466,25;2.978,50;-;287.650,75;140.915,75;134.473,25;21.656,50;27.001,00
25.10.2024;26.10.2024;102.262,25;48.791,00;20.125,25;156.590,00;138.203,25;2.926,25;-;278.337,00;138.335,75;178.048,00;29.333,25;27.561,00
26.10.2024;27.10.2024;99.638,25;46.172,75;30.872,50;120.884,50;125.770,50;3.064,00;-;268.388,25;122.805,00;104.554,00;18.866,50;28.894,25
27.10.2024;28.10.2024;99.552,75;42.825,75;66.194,75;204.286,00;84.347,25;3.027,00;-;222.970,25;64.325,00;98.668,50;19.315,50;24.236,00
28.10.2024;29.10.2024;96.546,75;41.237,75;109.670,75;270.038,00;88.838,50;2.693,50;-;261.438,25;110.209,25;162.625,75;19.435,50;28.374,75
29.10.2024;30.10.2024;97.108,50;43.327,50;31.045,25;141.634,00;85.994,50;2.877,25;-;280.744,25;146.882,00;230.064,00;26.598,50;28.268,25
30.10.2024;31.10.2024;97.393,50;43.046,25;48.774,75;114.952,75;63.374,50;2.843,75;-;288.650,00;160.918,50;233.852,00;27.245,75;28.722,00
31.10.2024;01.11.2024;99.129,75;44.809,25;86.684,25;258.292,75;45.791,50;2.816,75;-;253.743,25;133.219,50;178.236,25;26.310,25;23.985,00
01.11.2024;02.11.2024;97.683,00;35.664,50;102.662,75;398.941,50;63.610,00;2.814,00;-;196.095,00;52.955,00;122.080,75;17.172,00;28.140,50
02.11.2024;03.11.2024;99.066,25;35.262,00;29.184,50;113.937,00;71.585,00;2.865,25;-;256.552,00;81.516,25;132.606,75;24.963,75;29.134,75
03.11.2024;04.11.2024;97.900,25;33.885,75;44.813,25;109.960,50;129.997,00;2.737,75;-;246.460,25;81.183,75;122.427,50;11.668,00;29.175,75
04.11.2024;05.11.2024;99.336,25;38.405,75;10.786,50;99.468,00;86.186,75;2.687,75;-;266.101,25;154.802,25;257.566,50;29.566,50;30.376,50
05.11.2024;06.11.2024;101.649,50;40.741,25;15.374,75;91.821,75;75.285,50;2.868,50;-;276.050,50;154.561,00;289.736,00;30.988,00;30.250,75
06.11.2024;07.11.2024;105.011,25;46.500,25;179,00;7.213,75;36.511,75;2.788,75;-;285.923,00;165.835,75;347.973,75;42.231,00;33.960,75
07.11.2024;08.11.2024;104.855,00;45.276,75;14.827,25;30.061,00;22.467,25;2.732,75;-;309.833,50;156.967,25;348.021,75;38.227,75;31.558,25
08.11.2024;09.11.2024;104.342,25;39.181,50;92.861,00;178.953,75;22.069,75;2.880,75;-;313.307,75;150.350,75;313.584,75;20.232,00;29.679,25
09.11.2024;10.11.2024;104.015,00;36.179,75;36.034,50;75.846,50;48.775,25;2.894,75;-;306.004,75;145.211,00;240.969,25;20.233,75;29.658,75
10.11.2024;11.11.2024;102.958,75;34.641,75;32.794,50;28.114,50;33.330,25;2.832,50;-;282.997,25;117.216,25;228.042,75;17.215,25;27.608,25
11.11.2024;12.11.2024;103.013,00;36.235,50;115.053,75;145.661,00;27.821,25;2.878,75;-;282.853,00;155.202,50;299.520,50;24.205,00;27.713,75
12.11.2024;13.11.2024;103.309,50;42.045,50;28.060,00;114.863,25;30.726,25;3.085,75;-;295.476,00;165.611,75;345.911,75;35.740,50;34.698,75
13.11.2024;14.11.2024;104.204,75;39.769,75;75.463,00;95.919,75;21.623,75;3.144,75;-;314.894,75;169.619,50;356.775,75;39.358,25;35.754,75
14.11.2024;15.11.2024;103.936,50;34.059,00;129.442,50;266.426,00;31.630,75;2.983,50;-;306.364,50;154.654,00;317.363,50;21.213,25;32.438,25
15.11.2024;16.11.2024;105.235,00;32.414,50;84.311,25;202.215,75;35.148,25;3.219,00;-;302.251,75;154.726,75;298.986,00;28.777,25;32.475,50
16.11.2024;17.11.2024;105.088,25;30.838,00;114.046,75;480.478,00;48.810,25;3.324,75;-;233.778,00;97.839,25;183.885,25;17.373,00;29.164,50
17.11.2024;18.11.2024;104.015,00;30.260,00;111.463,50;688.726,75;41.442,25;3.198,00;-;141.329,50;85.899,00;132.922,25;14.384,25;29.545,75
18.11.2024;19.11.2024;105.378,25;32.297,25;129.161,50;563.670,00;53.363,50;3.135,50;-;215.139,50;141.269,50;204.125,50;27.204,00;31.188,75
19.11.2024;20.11.2024;104.403,75;33.609,75;49.661,50;501.643,50;22.367,50;3.158,50;-;282.965,50;152.461,50;255.980,50;22.525,75;31.943,00
20.11.2024;21.11.2024;104.477,00;36.502,75;60.365,00;511.810,25;48.512,25;3.028,75;-;285.263,00;136.503,50;199.464,75;18.168,25;31.677,50
21.11.2024;22.11.2024;104.998,00;37.965,00;88.029,00;433.304,25;43.893,50;3.029,25;-;278.661,25;123.431,75;287.937,00;35.340,75;32.362,50
22.11.2024;23.11.2024;105.334,00;37.790,75;120.042,00;623.788,75;38.530,75;3.150,25;-;261.940,50;120.436,50;211.600,75;21.594,00;31.080,75
23.11.2024;24.11.2024;104.594,25;34.429,75;99.948,50;656.640,00;56.596,00;3.137,75;-;156.761,50;62.733,00;152.225,75;8.644,50;30.700,25
24.11.2024;25.11.2024;101.836,00;33.962,50;123.895,25;862.319,75;53.030,50;3.090,00;-;85.867,25;47.178,00;93.737,75;13.581,50;29.688,00
25.11.2024;26.11.2024;103.100,50;35.973,25;69.447,75;764.856,25;62.641,00;3.116,50;-;162.903,00;75.171,50;171.610,25;24.676,50;30.508,75
26.11.2024;27.11.2024;103.370,00;40.305,25;114.280,00;428.137,00;56.822,25;3.146,75;-;266.405,50;121.424,25;241.278,25;22.583,25;37.616,25
27.11.2024;28.11.2024;102.949,75;41.511,50;84.294,25;543.569,25;61.229,75;3.294,25;-;257.475,00;112.053,75;216.281,00;25.115,00;33.190,25
28.11.2024;29.11.2024;103.978,75;40.024,50;85.049,25;735.383,50;34.457,25;3.206,75;-;232.288,50;108.706,00;225.257,25;15.223,25;26.961,50
29.11.2024;30.11.2024;106.174,75;43.283,25;67.418,25;155.148,00;62.157,25;3.313,50;-;282.467,00;144.724,25;288.600,75;30.180,25;36.181,25
30.11.2024;01.12.2024;105.827,00;39.209,50;104.581,75;350.587,75;109.063,50;3.336,25;-;273.568,25;95.348,50;175.593,00;18.800,50;30.842,75
01.12.2024;02.12.2024;104.912,00;37.173,00;78.626,75;318.086,75;74.638,25;3.249,25;-;276.988,00;67.843,75;160.013,75;14.442,25;31.201,50
02.12.2024;03.12.2024;105.023,75;39.099,50;107.704,75;446.115,50;29.315,00;3.245,50;-;266.555,50;107.804,50;254.694,25;29.842,50;31.766,75
03.12.2024;04.12.2024;105.587,75;45.040,00;99.792,50;303.756,75;36.936,75;3.138,75;-;296.466,50;135.962,00;320.458,00;24.991,75;31.738,25
04.12.2024;05.12.2024;107.244,00;48.485,25;40.576,00;135.297,25;36.173,75;3.228,00;-;303.315,00;145.581,00;356.797,50;42.971,00;33.412,75
05.12.2024;06.12.2024;105.057,25;40.807,00;95.801,00;538.355,00;60.282,25;3.257,50;-;265.755,00;106.604,75;230.742,00;16.345,50;31.080,50
06.12.2024;07.12.2024;105.378,25;40.783,50;88.846,50;686.607,00;25.480,00;3.294,75;-;216.849,75;88.376,25;169.162,75;39.453,75;30.407,00
07.12.2024;08.12.2024;102.548,25;40.621,75;113.562,25;548.063,50;18.726,25;3.387,75;-;190.419,50;53.896,25;127.986,75;8.979,75;29.465,75
08.12.2024;09.12.2024;102.542,25;39.240,00;114.817,50;308.970,25;33.497,25;3.379,50;-;224.984,25;48.950,75;164.748,00;25.602,50;31.298,50
09.12.2024;10.12.2024;99.859,50;38.766,25;139.769,75;599.982,00;12.305,50;3.292,75;-;218.891,00;95.405,00;216.429,75;19.945,75;30.113,25
10.12.2024;11.12.2024;99.898,50;46.688,00;64.791,75;352.366,75;12.939,75;3.250,25;-;259.435,50;127.681,25;326.077,25;28.939,75;32.948,75
11.12.2024;12.12.2024;102.187,25;54.496,00;19.665,75;38.671,75;12.986,25;3.296,50;-;270.984,00;145.705,50;415.848,00;44.699,75;38.644,00
12.12.2024;13.12.2024;104.197,00;52.078,50;19.784,25;15.052,50;15.430,75;3.232,25;-;268.865,75;146.537,25;416.866,00;44.634,75;38.215,00
13.12.2024;14.12.2024;104.476,50;47.358,50;25.919,00;120.411,00;26.561,75;3.319,75;-;247.449,00;154.133,00;390.848,00;39.180,50;33.839,50
14.12.2024;15.12.2024;103.571,75;36.007,25;109.907,75;410.271,00;20.081,25;3.352,50;-;241.249,75;123.122,50;182.102,25;13.844,50;28.237,75
15.12.2024;16.12.2024;100.498,00;33.530,75;76.324,25;826.461,00;24.157,25;3.239,00;-;115.295,75;101.717,25;121.385,75;10.885,75;28.352,25
16.12.2024;17.12.2024;101.643,00;33.902,75;58.547,50;976.938,25;25.287,75;3.165,25;-;135.885,00;125.846,25;157.042,50;23.722,50;33.216,25
17.12.2024;18.12.2024;105.385,00;35.327,25;106.062,50;537.609,50;27.160,00;3.275,25;-;242.992,50;122.692,00;224.707,75;33.856,50;33.429,50
18.12.2024;19.12.2024;104.485,00;33.815,25;106.677,75;819.207,25;32.798,50;3.228,75;-;111.658,50;54.618,50;159.088,00;20.169,25;28.567,50
19.12.2024;20.12.2024;105.349,50;34.418,50;112.733,00;900.563,75;19.794,75;3.256,50;-;84.805,25;72.714,75;136.565,25;29.626,00;27.105,25
20.12.2024;21.12.2024;106.905,00;37.122,75;124.784,50;735.492,00;39.862,50;3.347,25;-;112.742,25;84.610,25;157.493,75;41.576,00;26.661,75
21.12.2024;22.12.2024;104.203,00;34.530,25;124.076,00;885.489,50;30.222,75;3.265,25;-;76.342,50;55.052,00;87.361,75;19.139,25;25.011,75
22.12.2024;23.12.2024;103.227,25;38.299,00;123.282,25;687.032,00;21.552,75;3.183,25;-;96.649,00;35.067,75;83.086,00;32.696,75;30.698,50
23.12.2024;24.12.2024;103.718,50;41.779,75;110.258,50;650.691,75;31.522,25;3.228,75;-;149.125,00;51.878,75;127.472,50;17.981,00;27.082,75
24.12.2024;25.12.2024;105.165,75;39.686,50;64.909,50;240.549,25;33.799,25;3.316,50;-;238.115,00;82.752,00;148.949,50;26.658,50;32.454,25
25.12.2024;26.12.2024;103.822,00;38.830,00;59.712,75;151.024,75;48.980,50;3.258,00;-;253.361,00;76.651,25;129.829,75;13.682,25;33.359,75
26.12.2024;27.12.2024;104.432,00;38.273,25;26.821,00;76.459,00;52.246,75;3.203,00;-;263.196,75;113.177,75;184.142,00;16.703,75;34.341,00
27.12.2024;28.12.2024;103.628,25;39.413,50;2.941,25;46.422,00;61.205,75;3.249,25;-;262.041,75;127.732,00;276.928,25;33.337,75;34.722,50
28.12.2024;29.12.2024;104.735,50;38.594,25;22.347,75;31.442,25;61.088,50;3.295,00;-;267.978,50;126.707,00;265.150,50;20.830,25;33.305,00
29.12.2024;30.12.2024;103.246,50;35.856,25;97.298,25;257.394,50;39.719,00;3.266,75;-;248.342,50;107.777,25;219.174,00;13.292,25;32.362,25
30.12.2024;31.12.2024;103.210,50;36.087,50;61.186,75;534.347,25;22.927,50;3.206,75;-;202.778,75;127.162,25;240.093,50;23.337,25;30.649,00
31.12.2024;01.01.2025;102.963,25;36.333,00;69.337,25;529.023,25;49.085,25;3.132,75;-;168.489,25;82.801,00;211.986,50;18.785,00;31.683,25
